id,text
2019-17-1-1,"В рамках проекта по  <Task>  автоматизации работы с поэтическими текстами  </Task> , реализуемого на базе Института вычислительных технологий СО РАН, ведется комплекс исследований, связанных с  <Task> анализом поэтических текстов </Task> . Каждый компонент проекта относится к одному из структурных уровней анализа текста: структурный, семантический, прагматический. Структурный анализ поэтического текста связан с выделением его метроритмических характеристик. В рамках семантического анализаведутся исследования по выделению смысловых конструкций из произведения. Прагматический уровень включает в себя исследования по автоматическому определению высокоуровневых характеристик поэтического текста, таких как жанр и стиль. В данной работе  <Contrib> описан процесс проектирования и реализации информационной системы представления результатов анализа поэтических текстов </Contrib> . На этапе проектирования  <Contrib> сформулированы задачи, которые призвана решать информационная система </Contrib> , а также  <Contrib> изложены требования в порядке приоритета для общего проекта </Contrib> . Представленная информационная система объединяет в себе разнородную информацию о результатах анализа поэтических текстов, полученных на каждом из уровней представления. Исходя из потребностей потенциальных пользователей,  <Contrib> выполнено описание внешних взаимодействующих элементов системы </Contrib> .  <Contrib> Разработан тестовый интерфейс для доступа к хранилищу информационной системы </Contrib> . Реализация информационной системы обеспечит существенное  <Use> упрощение исследований поэтических текстов </Use> . "
2019-17-1-2,"На основании обобщенного  <Method>  алгоритма защищенного информационного обмена  </Method>  для беспроводных систем безопасности и защищенного устройства управления группой роботов  <Contrib> разработан обобщенный алгоритм защищенного информационного обмена с усложненной имитовставкой для беспроводных систем безопасности </Contrib> . Данный алгоритм основан на использовании в управляющем блоке контроля программируемого постоянного запоминающего устройства уникальных идентификационных данных, в котором хранится таблица уникальных кодовых последовательностей, присваиваемых каждому контролируемому объекту. Имитозащищенность передаваемых команд обеспечивается за счет добавления к ним суммы по правилу XOR исходного значения первой псевдослучайной последовательности ПСП-1 и уникальных идентификационных данных контролируемого объекта. С помощью разработанного алгоритма (при соответствующей адаптации) можно  <Use> затруднить стороннему наблюдателю выявление проверяемого в данный момент времени контролируемого объекта </Use> , одновременно  <Use> осуществить индивидуальную проверку требуемого контролируемого объекта на подлинность и наличие всех контролируемых объектов в радиусе связи </Use> . Разработанный алгоритм с усложненной имитовставкой может найти применение в различных областях беспроводных систем безопасности, в которых требуется  <Use> защита передаваемых по радиоканалу тревожных и служебных сообщений от несанкционированного доступа </Use> . "
2019-17-1-3,"Проблема  <Task> своевременного предупреждения населения об опасности цунами </Task>  всё еще является актуальной на прибрежных территориях всего мира. Несмотря на то что цунами довольно редкое явление, его последствия могут быть катастрофическими. В Академгородке многие годы занимаются разработкой и реализацией алгоритмов  <Task>  численного моделирования цунами  </Task> , используемых для расчета параметров цунами у береговой линии. Целью данной работы является  <Goal> объединение существующих реализаций алгоритмов, написанных на разных языках программирования (С++, Си, Python, Kotlin, Fortran и т. д.), в единую систему </Goal> . Разработанная система позволит, принимая на вход данные о сейсмическом событии,  <Use> рассчитывать параметры цунами у защищаемой береговой линии </Use> .  <Contrib>  В статье рассмотрены основные этапы работы системы </Contrib> , такие как мониторинг сейсмической активности, извлечение данных с DART станций, фильтрация приливной компоненты, расчет времени добегания волны и непосредственно моделирование, и промежуточные шаги, связанные с предобработкой и трансформацией данных. Особое внимание уделяется разработке архитектуры системы, взаимодействие между модулями построено таким образом, чтобы в дальнейшем реализации алгоритмов могли дорабатываться и беспрепятственно встраиваться в систему. "
2019-17-1-4,"На фоне множества методов проведения геофизических исследований выделяется и является одним из перспективных, за счет возможности определения состава горных пород, импульсный нейтронный гамма-каротаж. Однако существуют сложности при интерпретации результатов такого исследования. Полученные после предварительной обработки сигнала, записанного в процессе импульсного нейтронного гамма-каротажа, спектры гамма-излучения зашумлены и обладают высокой флуктуацией, что влияет на качественную оценку результатов исследования. Качественная оценка наряду с автоматической важна при работе с каротажными данными. Она позволяет предотвратить передачу заведомо ложных результатов, а также работу неисправных приборов. В данной статье  <Contrib> рассмотрен алгоритм, позволяющий уменьшить флуктуацию с учетом статистической зависимости соседних элементов спектра, для улучшения качественной оценки результатов исследования </Contrib>  . Так как спектры сигнала являются случайными величинами, в ходе рассмотрения различных способов обработки спектров решено применять  <Method> функции сглаживания </Method> , а именно  <Method> B-сплайн </Method> . В процессе применения различных вариаций параметров  <Method>  B-сплайна  </Method>  к спектрам гамма-излучения оказалось, что  <Conc>  квадратичный однородный B-сплайн с интервалом узлов 7 показал лучшие результаты в достижении цели улучшения качественной оценки  </Conc> . Таким образом,  <Contrib> разработан алгоритм дополнительной предобработки, уменьшающий флуктуацию спектров гамма-излучения для улучшения качественной оценки результатов такого геофизического исследования, как импульсный нейтронный гамма-каротаж </Contrib> . "
2019-17-1-5," <Contrib> Представлен способ получения видеодоказательств с помощью мобильного устройства – приложения для Android  </Contrib> , позволяющего  <Use> оперативно начать видеотрансляцию в облачные сервисы </Use> . Для оперативности запуска пользователю доступен виджет, который можно разместить на экране устройства.При нажатии на виджет начинается видеосъемка и отправка получаемой записи в облачный сервис, необходимая для обеспечения сохранности уже полученных данных даже в случае повреждения устройства. Для того чтобы в непредвиденной ситуации, повлекшей за собой утрату телефона, как можно больше данных оказалось сохранено на облачном сервисе, выбрана малая продолжительность одного передаваемого фрагмента – одна секунда. По завершении записи пользователь имеет возможность собрать составляющие записи воедино, при необходимости загружая недостающие фрагменты из облачного сервиса. Практическая ценность приложения заключается в том, что оно позволяет достаточно  <Adv> быстро и надежно фиксировать события </Adv> , а собранные видеоматериалы могут быть полезны  <Use> как в судебных процессах, так и для самостоятельного изучения </Use> . В статье проведен анализ существующих решений, позволяющих вести видеотрансляцию; выявлены их недостатки, затрудняющие использование этих средств для получения доказательств .   Рассмотрена архитектура приложения, построенная на базе   <Tool> шаблона проектирования MVC  </Tool> и включающая в себя 6 модулей.  <Contrib>  Описана реализация приложения  и  показан разработанный интерфейс  </Contrib> ."
2019-17-1-6," <Contrib> Предложен подход для  <Task> автоматизации проверки гипотез </Task>  на основе обработки разнородных ЭЭГ-данных </Contrib> . Подход базируется на наборе   <Tool>  MATLAB-скриптов </Tool> , использующих  <Tool>  библиотеки EEGLAB  </Tool> ,  <Tool>  NeuroElf  </Tool> ,  <Tool>  Alphasim,  </Tool> ,  <Tool>  spm8 </Tool> ,  <Tool>  Mediation toolbox </Tool> , и  <Tool> программном пакете sLORETA </Tool> . Разработанный инструментарий позволяет проводить  <Use> унификацию ЭЭГ-записей, сделанных на различном оборудовании </Use> ,  <Use> восстановление утраченных данных </Use> ,  <Use> 3Dреконструкцию источников мозговой активности по исходным ЭЭГ-данным </Use>  и  <Use> медиационный анализ </Use> ."
2019-17-1-7,"Статья посвящена  <Contrib> разработке ядра онтологической модели в виде программной системы, настраиваемой под конкретную предметную область </Contrib> . Работа основана на  <Method> теоретико-модельном подходе к представлению знаний </Method> . Для представления знаний используются  <Method> фрагменты атомарных диаграмм алгебраических систем </Method>  и  <Method> нечеткие модели </Method> . Программная система разбита на модули. Базовые модули реализуют функциональность, необходимую для любой онтологической модели. Например, проверку на непротиворечивость хранящихся знаний. Расширение функциональности происходит через создание новых модулей и их добавление в систему. В работе приведен обзор существующих программных решений в области разработки онтологий и онтологических моделей.  <Contrib>  Описана структура ядра онтологической модели  </Contrib>  ,  <Contrib>  приведена архитектура программного решения  </Contrib> ."
2019-17-1-8," <Contrib> Представлено описание реализации метода частиц  в ячейках  на GPU  </Contrib> . Основным недостатком метода, с точки зрения затрат по времени, является функция переупорядочивания частиц между ячейками.   <Contrib> Изложена оригинальная методика оптимизации данного этапа расчета, позволяющая избавиться от атомарных операций </Contrib> . Приведены результаты тестирования производительности на ряде современных графических процессоров. "
2019-17-1-9,"Работа посвящена  <Contrib>  описанию структуры информационно-аналитической системы «Ixodes» , ориентированной на работу c представительной коллекцией иксодовых клещей из разных биотопов </Contrib> , а именно для территорий Алтая, Сибири и Дальнего востока. Показаны варианты применения системы для  <Use> анализа генетического разнообразия клещей и переносимых ими патогенов </Use>   при помощи  <Method>  методов статистической обработки в виде круговых и столбчатых диаграмм (гистограмм) </Method> .   <Contrib> Описаны реализованные алгоритмы, позволяющие проводить анализ генетической последовательности исследуемого патогена </Contrib>  на основе  <Method> L-граммного подхода </Method>  и  <Method> методами разбиения филогенетического дерева на группы близких последовательностей </Method> . При этом для первичной обработки набора геномов используются  <Method> методы множественного выравнивания последовательностей </Method>  и  <Method> метод присоединения соседей </Method> , позволяющий выполнить построение филогенетического дерева. Представленные алгоритмы и методы использовались для решения задачи  <Task> генотипирования вируса клещевого энцефалита (ВКЭ) </Task> . Представлены результаты апробации для методов разбиения филогенетического дерева и их сравнительный анализ=. Описана архитектура информационно-аналитической системы для анализа набора геномов. Система предназначена для  <Use> анализа множества геномов и их классификации </Use> , а именно для  <Use> анализа генотипов внутри одного вида живых организмов </Use> , поскольку методы направлены для  <Task> выделения различий геномов, имеющих схожую структуру </Task> ."
2019-17-2-1,"Для эффективного  <Task>  освоения залежей углеводородов </Task>  чрезвычайно важной становится  высокая точность проводки горизонтальных скважин в целевых пластах-коллекторах . В процессе бурения геонавигация скважины со сложной траекторией выполняется по геофизическим данным в реальном масштабе времени. Представленная работа посвящена  <Contrib> разработке нового программного обеспечения для геонавигации нефтегазовых скважин с горизонтальным завершением </Contrib> . Для решения задач геонавигации используются алгоритмы, основанные на  <Method> методах корреляции каротажных данных и численной инверсии измерений электромагнитного каротажа </Method> . Разработанное новое программное приложение основано на web-технологиях и имеет клиент-серверную архитектуру. Для оптимизации времени выполнения ресурсоемких расчётов используются  <Method> высокопроизводительные облачные вычисления </Method> ."
2019-17-2-2,"При  <Task> формировании единого информационного пространства (ЕИП) </Task>  широко используется  <Method> моделирование как объектов информационного обмена, так и инфраструктуры ЕИП </Method> . Несмотря на большое разнообразие подходов к решению данной задачи, в частности с использованием метода матрицы структуры проекта, предлагаемые решения не обеспечивают непосредственную связь между элементами описываемой структуры и используемыми аппаратными и программными средствами. Также существующие подходы к моделированию информационной структуры  не учитывают возможные внешние и внутренние ограничения, накладываемые на размещение компонентов ЕИП в пространстве предприятия. В работе  <Contrib>  предлагается  подход к формализации структуры ЕИП предприятия-разработчика МЭС </Contrib>   <Goal> призван устранить данные недостатки </Goal> . В статье  <Contrib>  рассмотрена обобщенная модель структурной организации единого информационного пространства по параллельному методу интеграции средств поддержки жизненного цикла изделия </Contrib> . Модель включает в себя описание элементов структуры информационного пространства, каналов связи, их статических и динамических характеристик. Предложенная модель также  <Adv> учитывает ограничения, накладываемые на формирование структуры ЕИП </Adv> . Имитационное моделирование структурной организации ЕИП, представленной в виде совокупности многоканальных систем массового обслуживания позволило сделать  выводы о пропускной способности и надежность рассматриваемых вариантов организации ЕИПс учетом предлагаемых к использованию аппаратных (серверное решение) и программных (система управления базами данных) средств."
2019-17-2-3,"Данная работа посвящена  <Contrib> разработке подхода к каталогизации разнородных web- сервисов территориально распределенных вычислительных узлов в вычислительно- аналитической геологической среде, а также принципов по созданию системы мониторинга web-сервисов, присутствующих в каталоге </Contrib> . Для этого в статье  <Contrib> рассматриваются используемые в мире подходы по организации каталогов web-сервисов </Contrib>  на основе  <Tool> SOAP (Simple Object Access Protocol) протокола </Tool> , с использованием  <Tool> UDDI (Universal Description Discovery and Integration) реестров </Tool> . На основе исследованного материала  <Contrib> предлагается схема для описания разнородных web-сервисов </Contrib>  с возможностью дальнейшего создания каталога web-сервисов, включающего функции поиска и получения метаинформации о каждом сервисе в каталоге. Также в статье кратко  <Contrib> описываются принципы, на основе которых функционирует вычислительно- аналитическая геологическая среда, в рамках которой разрабатывается система каталогизации и мониторинга </Contrib> , и   <Contrib> приводится список территориально распределенных web-сервисов по обработке разнородных данных, используемых в данной среде  </Contrib> ."
2019-17-2-4,"Долгое время функциональное программирование на Java было невозможно. Однако в 8 версии Java языке появились лямбда-выражения. Благодаря поддержке стандартных библиотечных классов (Stream, Optional и т. д.) на Java стало возможно описывать преобразования над данными в функциональном стиле. Java - достаточно старый язык, на нем написано большое количество императивного кода. Для того, чтобы воспользоваться преимуществами нового подхода, требуется выполнить нетривиальный рефакторинг, что в случае осуществления человеком может быть весьма утомительным, легко совершить ошибку. К счастью, для достаточно большого количества ситуаций данный рефакторинг можно безопасно осуществить автоматически. На основе  <Tool> IntelliJ Idea </Tool>  был  <Contrib> разработан программный инструмент, который позволяет обнаружить места, где возможно автоматическое преобразование императивного кода в эквивалентный </Contrib>  с использованием  <Tool> Stream API </Tool> , а также автоматическое исправление, которое позволяет произвести замену. Рефакторинг пользуется средствами  <Tool> IntelliJ Idea </Tool>  для анализа Java кода, а также интегрируется в саму IDE. Одним из основных критериев корректности работы алгоритма является безопасность данного преобразования. Пользователь не может доверять инструменту, если преобразование может изменять семантику кода. В данной статье  <Contrib> рассматриваются различные ограничения, которые накладываются на шаблоны кода, для того, чтобы преобразование без искажения семантики было возможно </Contrib> . Данный рефакторинг был протестирован на различных библиотеках, для проверки сохранения семантики, путем проверки результатов тестирования до и после применения рефакторинга. В данной статье не будет обсуждаться влияние использования Stream API на производительность приложения."
2019-17-2-5,"В статье приведен  <Contrib> обзор существующих систем  <Task> проверки заданий по программированию </Task>  </Contrib> , кратко  <Contrib> описано современное состояние архитектуры системы NSUts </Contrib> , созданной в Новосибирском государственном университете, и практика ее использования  <Use> в учебном процессе  </Use>  и   <Use> в олимпиадах по программированию различного уровня  </Use> . Приведен  <Contrib> анализ опыта использования таких систем </Contrib>  и  <Contrib> обозначены перспективы их развития </Contrib> ."
2019-17-2-6,"Целью данного исследования является  <Goal> совершенствование механизма трудоустройства выпускников вузов по специальностям с учётом нужд региона  </Goal>  с использованием современных компьютерных технологий. В статье  <Contrib> рассматриваются преимущества и методологические аспекты применения инструментария географических информационных систем </Contrib> , которые являются симбиозом возможностей управления большими базами данных и пространственной визуализации, характерной для топографических карт с использованием  <Tool> QGIS </Tool> . Каждый информационный слой представлен таблицей реляционной базы данных или электронной таблицей, в которых имеется поле привязки к географическому местоположению, что позволяет разместить данные на карте. Научная значимость статьи обусловлена тем, что данная технология способствует  <Use> созданию единого информационного пространства рынка работодателей по востребованным специальностям </Use> , а также  <Use> активному налаживанию сотрудничества между вузами и работодателями с целью совершенствования механизма трудоустройства выпускников вузов на основе компетентностного подхода </Use> . Результатом исследования являются  <Contrib> методологические аспекты применения  <Tool> открытой геоинформационной системы QGIS </Tool>  для  <Task> управления трудоустройством молодых специалистов </Task>  </Contrib> . Кроме того, поставлены задачи для перспективного развития механизма применения геоинформационных технологий в трудоустройстве выпускников вузов."
2019-17-2-7,"Сложность астрофизических процессов заключается в совместном рассмотрении компонент различной природы. Так, например, в задаче столкновения галактик рассматривается трехмерная динамика межзвездного газа и звездной компоненты. В основе моделирования этих компонент могут лежать совершенно разные классы численных методов. Одним из возможных решений этой проблемы является использование  <Method> эйлерово-лагранжева подхода </Method> , в котором физические величины сосредоточены в материальных точках, что характерно для  <Method> метода SPH (Smoothed Particle Hydrodynamics) </Method> , а расчет сил производится на адаптивной сетке, привязанной к системе материальных точек. Такой подход единообразно учитывает как динамику сплошной среды, так и дискретных частиц, а также позволяет устранить ряд недостатков, присущих оригинальному методу. Расчет гравитационного взаимодействия осуществляется путем решения  <Method>  уравнения Пуассона для гравитационного потенциала </Method> . При этом все частицы проецируются на расчетную сетку и уже по ней вычисляются значения потенциала в каждой ячейке. Решение  <Method>  уравнения Пуассона для гравитационного потенциала  </Method>  выполняется с использованием   <Method> быстрого преобразования Фурье  </Method> . В статье  <Contrib> описан  новый код «Виртуальный планетарий» для моделирования астрофизических объектов  </Contrib> на основе  <Method> метода SPH </Method> , дополненным  <Method>  методом Годунова для вычисления потоков давления и импульса между частицами </Method> , и  <Method> методом быстрого преобразования Фурье  </Method>  для решения  <Method>  уравнения Пуассона для гравитационного потенциала </Method> . В работе описано обоснование для перехода к такой вычислительной модели,  <Contrib> детально описаны кинетические и гидродинамические подходы </Contrib> .  <Contrib> Выполнено моделирование коллапса изотермического газового облака </Contrib> ,  <Contrib> показана возможность метода воспроизводить развитие неустойчивостей в виде образования двух рукавов плотности </Contrib> ."
2019-17-2-8,"Мобильные устройства часто используются для образовательных целей, учитывая их высокую доступность и портативность. Однако образовательные возможности мобильных устройств ограничены из-за отсутствия качественных IDE. Большинство сред разработки языка C++ для Android не имеют автодополнения и анализа кода, в то время как остальные предоставляют эти возможности с крайне низкой производительностью. В этой работе мы  <Contrib> описываем технологию переноса программного обеспечения </Contrib> , примененную к  <Tool> компилятору Clang </Tool>  (и другим необходимым инструментам) и  <Contrib>  предлагаем метод ускорения компиляции, автодополнения и анализа кода в нашей IDE </Contrib> . Наряду с этим, мы  <Contrib>  предлагаем методы оптимизации пользовательского интерфейса </Contrib> . В работе  <Contrib>  описан основанный на регулярных выражениях эвристический метод для генерации предкомпилированных заголовков </Contrib> , который имеет  <Adv> низкие требования к процессору и ОЗУ </Adv> . Эффективность метода проверена на различных образовательных примерах."
2019-17-2-9,"В процессе бурения нефтегазовых скважин требуется  <Task>  оказание удаленной поддержки с использованием существующих каналов связи с офисом </Task> , заключающейся в контроле параметров и принятии неотложных решений. Наиболее распространена спутниковая и мобильная связь, для которой характерна низкая скорость приема и передачи данных, частые разрывы, использование NAT. В рамках данной работы  <Contrib> разработано программное средство прозрачного доступа к параметрам бурения и данным скважинной телеметрической системы </Contrib>  с целью  <Goal> организации удаленного сопровождения по существующим каналам связи с учетом их ограничений </Goal> . В основу программного средства легла реализация  <Method> протокола SSH </Method> , что обеспечило  <Adv> сжатие и шифрование передаваемых данных </Adv>  и  <Adv> прозрачный доступ к TCP-сервисам на буровой </Adv> . Благодаря этому возможно использование существующего ПО для  <Use> доступа к данным телеметрической системы </Use> , что  <Adv>  позволяет снизить объем передаваемых данных в сравнении с ПО удаленных рабочих столов </Adv> . Программное средство прошло апробацию в условиях, близким к полевым, и показало свою пригодность к решению поставленных задач."
2019-17-2-10,Приведены результаты применения  <Method> глубоких нейронных сетей </Method>  для  <Task> детектирования вредоносной активности в сетевом трафике </Task> . В процессе исследованияреализованы 2 вида нейронной сети:  <Method> рекуррентный автоэнкодер </Method>  и  <Method> генеративно-состязательная сеть </Method> . Приведены результаты исследования на  <Example>  наборе данных CICIDS2017  </Example> .
2019-17-2-11,"В статье рассмотрен обязательный для высших образовательных учреждений РФ процесс проведения практических занятий студентов, приведены ссылки на нормативные документы, описан подход, устоявшийся в НИУ МЭИ. До начала проведения практики каждый студент должен быть прикреплен к определённой базе практики – учреждению с соответствующей профилю подготовки обучающегося специализацией, которое будет осуществлять проведение и контроль практических занятий. Если база практики внешняя, т.е. не входит в организационную структуру образовательного учреждения, то с ней должен быть заключен договор. В статье представлен  <Contrib> опыт разработки и внедрения в НИУ МЭИ информационной системы, автоматизирующей процесс распределения студентов по базам практик и подготовку сопутствующей документации  </Contrib> . Программная реализация включает модуль импорта данных из других информационных систем, модуль редактирования календарного графика практик, модуль ведения справочной информации о предприятиях-партнёрах, модуль формирования и согласования заявок с распределением студентов, модуль подготовки печатных форм документов, модуль построения статистической отчётности . Статья  <Contrib>  описывает работу каждого из модулей  </Contrib> , отмечаются их преимущества перед ручной обработкой данных.  <Contrib>  Раскрыты некоторые технические решения и характеристики программной системы  </Contrib> , отдельное внимание уделено разграничению прав доступа."
2019-17-2-12,"Статья посвящена вопросу  <Task> поддержки процесса создания средства трансформации естественно-языковых (ЕЯ) запросов в SPARQL-запросы  </Task>  (далее – средство трансформации). Во введении описаны актуальность  <Task>  задачи  понимания естественно-языковых запросов информационными системами  </Task> , а также преимущества использования  <Method> онтологий </Method>  как средства представления знаний для решения данной задачи. Обозначена роль средств трансформации в системах с ЕЯ-запросами к реляционным базам данных. На основании  <Contrib> анализа проблем, связанных с комплексированием и тестированием существующих средств трансформации </Contrib> , а также с целью  <Goal> поддержки создания и тестирования собственных модулей трансформации </Goal>   <Contrib>  предложена концепция программной платформы, упрощающей эти задачи </Contrib> . Архитектура платформы  <Adv> удовлетворяет требованиям простоты подключения сторонних средств трансформации, переиспользования отдельных модулей, а также интеграции результирующих средств трансформации в другие системы </Adv> , в том числе в системы тестирования. Строительными блоками создаваемых систем трансформации служат отдельные модули трансформации, упакованные в  <Tool>  Docker-контейнеры </Tool> . Программный доступ к каждому модулю осуществляется при помощи  <Tool> gRPC </Tool> .Загруженные в платформу модули могут быть выстроены в конвейер трансформации автоматически или вручную при помощи встроенного стороннего  <Tool>  редактора диаграмм потоков данных SciVi </Tool> . Совместимость отдельных модулей контролируется при помощи автоматического анализа программных интерфейсов. На основании спецификации конвейера в формате, поддерживаемом  <Tool>  SciVi  </Tool> , а также gRPC-спецификаций отдельных модулей комплексируется единое многоконтейнерное приложение, которое  <Use> может быть интегрировано в другие системы </Use> , а также протестировано на пополняемом наборе тестов. Ожидаемые и фактические результаты трансформации запроса доступны для просмотра в графическом виде в  <Contrib> разработанном ранее средстве визуализации </Contrib> ."
2019-17-2-13,"В данной статье рассматривается проблема  <Task> защиты от несанкционированного доступа к данным путем идентификации пользователей по биометрическим характеристикам, а именно, клавиатурному почерку </Task>  . Для решения этой задачи авторами была  <Contrib> проведена серия опытов для получения статистической выборки образцов клавиатурного почерка </Contrib> , которые используются в качестве биометрической характеристики для установления личности ее владельца. Для анализа данных и определения автора конкретного образца почерка в работе рассматривается  <Method> метод k-средних </Method> , являющийся одним из наиболее простых и эффективных статистических методов классификации в случае, когда число кластеров заранее известно. Оценка эффективности предложенного метода для решения поставленной задачи оценивается с помощью  <Method> коэффициентов ложного доступа и ложного отказа в доступе </Method> , которые являются основными характеристиками биометрических систем аутентификации. Полученные результаты позволяют сделать вывод о  <Conc> наличии ряда ограничений при использовании данного метода, возникающих в силу того, что данная задача является слабоформализуемой, зависящей от множества факторов, в том числе и не поддающихся математическому описанию, таких как нестабильность клавиатурного почерка, объясняемая изменением психофизиологического состояния пользователя, эргономичностью клавиатуры и т.д. </Conc>  Учитывая все вышеупомянутые особенности, дальнейшее решение задачи предлагается рассматривать в перспективе использования  методов, основанных на интеллектуальной обработке данных, которые позволяют обнаруживать в потоке данных скрытые закономерности и зависимости."
2019-17-3-1," <Contrib> Рассматриваются алгоритмы  <Task> построения триангуляции внутренней поверхности коронарных артерий сердца </Task>  по данным компьютерной томографии </Contrib> .  <Task> Точное определение геометрии сосудов </Task>  необходимо для  <Use> построения гидродинамической модели кровоснабжения сердца </Use>  и  <Use> расчета параметров кровотока с помощью уравнений Навье – Стокса </Use> . Для восстановления трехмерной геометрии применяется комбинация двух основных методов:  <Method> трехмерного алгоритма роста области из семени </Method>  и  <Method> ячеечного метода </Method> , использующего разбиение пространства на тетраэдры. При этом используется  <Tool> тетраэдрическая сеть </Tool> , предложенная в работах S. Chan, E. Purisima (1998) и V. Skala (2000), в которой тетраэдры строятся в кубической решетке на общих гранях смежных кубов. Эта сеть строится не на всем пространстве, а только в окрестности границы множества вокселей, вычисленного на первом этапе как результат применения трехмерного алгоритма роста области."
2019-17-3-2,"
Несмотря на большое количество существующих методов диагностики головного мозга, он остается наименее изученной частью человеческого организма. Электроэнцефалография (ЭЭГ)– один из наиболее популярных методов исследования мозговой активности. Это обусловлено относительной дешевизной, безвредностью и мобильностью оборудования. При анализе данных ЭЭГ возникает проблема решения  <Task> обратной задачи электроэнцефалографии – локализации источников электрической активности мозга </Task> . Ее можно сформулировать следующим образом: по сигналам, регистрируемым на поверхности головы, необходимо определить, в какой области мозга расположены источники этих сигналов. Целью исследования является  <Goal> разработка программной системы для локализации источников мозговой активности на основе совместного анализа данных ЭЭГ и сМРТ </Goal> . Существуют различные подходы к решению  <Task>  обратной задачи ЭЭГ  </Task> . Для получения наиболее точных результатов некоторые из них предполагают использование данных сМРТ (изображений структурной магнитнорезонансной томографии) , описывающих индивидуальную анатомию головы человека. В этой работе используется один из таких подходов –  <Method> EMSICA (Electromagnetic Spatiotemporal Independent Component Analysis) </Method> , предложенный A. Tsai. В статье  <Contrib>  рассмотрены основные этапы работы системы  </Contrib> , такие как предварительная обработка исходных данных; расчет специальной матрицы подхода EMSICA, значения которой показывают уровень активности определенного участка мозга; визуализация источников активности мозга на его трехмерной модели."
2019-17-3-3,"Статья посвящена  <Contrib> разработке методов  <Task> порождения новых знаний на основе анализа текстов естественного языка </Task>   </Contrib> . Для  <Task> извлечения знаний из текстов на естественном языке </Task>  используется  <Method> метод представления предложений в виде двухместных предикатов с введенной константой ситуацией </Method> . Для  <Task> представления знаний в формальном виде </Task>  используются  <Method> бескванторные предложения логики предикатов </Method> , а также  <Tool> язык OWL DL </Tool> .  <Task> Порождение новых знаний  </Task> реализуется при помощи автоматических средств логического вывода с использованием заранее заданных  <Method> шаблонов правил вывода </Method> . Разработана программная система, которая дает возможность пользователям получать ответы на определенные вопросы, относящиеся к данным текстам естественного языка. Ответы строятся на естественном языке при этом  <Adv> используются не только явно содержащиеся в обрабатываемом документе знания, но и знания, порожденные при помощи автоматических средств логического вывода </Adv> ."
2019-17-3-4,"Музыкальная рекомендательная система (МРС) помогает пользователям музыкальных стриминговых сервисов  <Use> находить интересующий их музыкальный контент  </Use> . Разреженность пользовательских оценок – одна из главных проблем исследования МРС. Она вызвана тем, что пользователь оценивает лишь малую долю объектов музыкального каталога. В результате МРС часто не обладает достаточным набором данных для составления рекомендаций. В статье  <Contrib>  предложен подход для решения проблемы разреженности пользовательских оценок на основе использования оценок связанных объектов </Contrib> .   <Contrib> Описана гибридная МРС, использующая как нормализованные пользовательские оценки треков, альбомов, артистов, жанров, так и информацию о связях между объектами разных типов </Contrib> . Произведена оценка эффективности разработанной МРС, а также произведен сравнительный анализ предложенного подхода с коллаборативным методом предсказания пользовательских предпочтений."
2019-17-3-5,"Статья посвящена  <Contrib> разработке автоматизированных методов  <Task> интеграции знаний, извлеченных из текстов естественного языка </Task>   </Contrib> . Для решения этой задачи используются  <Method> методы преобразования предложений естественного языка во фрагменты атомарных диаграмм </Method> . Знания, извлеченные из текстов, формализуются при помощи атомарных предложений сигнатуры, состоящей из символов констант, двухместных предикатов и дополнительных констант-ситуаций.  <Contrib> Разработаны методы интеграции знаний, содержащихся в нескольких предложениях естественного языка, позволяющие учитывать их семантические контексты </Contrib> ."
2019-17-3-6,"В последнее время увеличивается количество окружающих нас электронных приборов, возрастает и их техническая сложность. В то же время инструкции к данным приборам читает только малая часть людей. Также возможны ситуации, когда инструкции или специалиста нет рядом с устройством. Поэтому часто встречаются случаи неправильного использования техники. В связи с этим закономерно встает задача   <Task> быстрого распознавания типа устройства с последующим выводом информации о данном устройстве  </Task> . В работе описывается процесс  <Contrib> реализации системы распознавания типа устройства с использованием  <Method> методов машинного обучения </Method> , с последующим выводом на экран его основных заранее отобранных характеристик и отображением пользователю набора вероятных инструкций для данного типа устройств </Contrib> . Поскольку направлением данной работы является  <Task> нахождение похожих объектов </Task> , а также их  <Task> классификация на основе информации о внешнем представлении объекта </Task> , то рассматриваются  <Method> алгоритмы получения признаков объекта из его изображения </Method> . В статье  <Contrib> предлагается подход получения определяющих признаков объекта на основе его внешнего представления (контуров) </Contrib> ."
2019-17-3-7,"Статья посвящена  <Contrib> методике автоматизированного тестирования системы автоматической оценки заданий по программированию NSUts </Contrib> . При разработке методики главным приоритетом было параллельное тестирование старой и новой версий приложения так, чтобы одни и те же или минимально модифицированные тесты проходили на двух версиях системы с различными архитектурами. Мы надеемся, что наш опыт будет полезен при  <Use> выстраивании процесса разработки других приложений с длительным жизненным циклом </Use> . Чтобы тестировать не только серверную, но и клиентскую часть веб-приложения, мы предлагаем использовать инструменты типа  <Tool> Selenium WebDriver </Tool>  для симуляции действий пользователей, посылая команды настоящим браузерам. В методике применяется известный  <Tool> шаблон проектирования Page Object </Tool>  и  <Contrib> рассматривается ряд приемов, позволяющих снизить хрупкость разрабатываемых тестов и упростить их адаптацию для работы с новой версией системы </Contrib> . В статье также описано применение данной методики для  <Use> организации тестирования системы NSUts </Use>  и проведен анализ ее эффективности. Анализ показал, что оценочное покрытие кода данными тестами достаточно высоко, и потому  <Adv> методику можно считать эффективной и применять на схожих веб-приложениях </Adv> ."
2019-17-3-8,"Статья посвящена  <Contrib> разработке методов  <Task> поиска информации в Интернете </Task>  </Contrib> . В настоящее время задача  <Task> быстрого автоматизированного извлечения данных из различных источников </Task>  является чрезвычайно актуальной. Цель данной работы –  <Goal> создание инструментария для решения этой задачи </Goal> . Идея подхода заключается в  <Contrib> разработке полуавтоматических методов составления лингвистических шаблонов для заданного фрагмента атомарной диаграммы </Contrib> . Процесс построения шаблонов по данному фрагменту атомарной диаграммы выполняется в 2 этапа: 1) порождение простых шаблонов; 2) с помощью полученных простых шаблонов создание более сложных или реже встречающихся шаблонов. С помощью полученных шаблонов можно  <Use> находить необходимую информацию, обрабатывая тексты естественного языка, представленные в Интернете </Use> ."
2019-17-3-9,"В статье приводится  <Contrib>  обзор проектов, технологий, программных продуктов, разрабатываемых для реализации идей объектно-ориентированного подхода к проектированию баз данных  </Contrib>  . В 1980-е гг. велось множество проектов, посвященных идее ООБД, многие специалисты ожидали, что в ближайшее время реляционные базы данных будут вытеснены объектно-ориентированными. Несмотря на впечатляющее количество проектов, проводимых как коллективами ученых, так и коммерческими компаниями, ориентированными на практическое внедрение, не появилось четкой формулировки объектно-ориентированной модели данных, каждый коллектив представлял свое видение применения принципов ООП к проектированию баз данных. Отсутствие универсальной модели данных с проработанным математическим аппаратом (как в случае реляционных баз данных) и сегодня является основной проблемой распространения ООСУБД. Однако применение реляционных СУБД порождает ряд проблем, которые наиболее остро ощущаются в таких областях, как системы автоматизированного проектирования, автоматизированное производство, системы, основанные на знаниях, и др. ООБД позволяют объединить программный код и данные, избежать различий между представлениями информации в базе и прикладной программе, вследствие чего интерес к ним проявляют современные разработчики.  <Conc>  Современный рынок программного инструментария представлен рядом ООСУБД, но ни одна из них не может конкурировать с крупнейшими поставщиками СУБД  </Conc> ."
2019-17-4-1,"Моделирование – неотъемлемая часть исследования процессов распространения сейсмических волн в различных средах. Широко используемый способ разбиения области на прямоугольные ячейки обладает недостатком: при сложном строении свободной поверхности (например, гора) возникают эффекты при отражении волны от этой поверхности, связанные с тем, что граница аппроксимируется ступенчатой функцией для численного решения задачи. В данной работе предложен иной подход к  <Task>  дискретизации области  </Task> :  <Method> построение криволинейной сетки </Method> , хорошо согласующейся с геометрией свободной поверхности.  <Contrib> Предложен алгоритм численного моделирования </Contrib>  на основе  <Method> численного решения линейной 2D-системы теории упругости </Method> , записанной в смещениях, с использованием  <Tool> криволинейной сетки </Tool>  и  <Method> пошагового метода Лагерра </Method> . Представлены результаты моделирования. Также были  <Contrib>  реализованы две параллельные версии алгоритма </Contrib> ,  <Contrib> проведены расчеты на различных многоядерных системах </Contrib>  (на  <Tool> классической многопроцессорной архитектуре </Tool> , а также  <Tool> архитектуре с использованием сопроцессоров Intel Xeon Phi – ""РСК ПетаСтрим"" </Tool> ).  <Contrib> Представлены сравнительные тесты ускорений на разных архитектурах </Contrib> , а также  <Contrib> описаны особенности распараллеливания алгоритма </Contrib> ."
2019-17-4-2," <Contrib> Рассматривается новый способ  <Task> извлечения понятий из текстов предметной области </Task>  </Contrib>  на основе комбинации  <Method> анализа формальных понятий </Method>  и  <Method> бутстрап-технологии информационного поиска </Method> .  <Task> Анализ формальных понятий </Task>  представляет собой мощный аппарат автоматического вывода понятий предметной области, однако он рассчитан на высокое качество входных данных, без пропусков и неточностей. Получение таких наборов данных напрямую из текстов затруднено в силу сильной разреженности текстовых корпусов. Соответственно, представляется перспективным  <Task> улучшение качества входных данных </Task>  за счет применения  <Method> бутстраппинга </Method>  – технологии, обеспечивающей интеллектуальный поиск фрагментированной информации в сети Интернет. Цель данной работы –  <Goal> показать, что при правильном выборе исходных шаблонов поиска бутстраппинг, основанный на использовании открытых ресурсов Интернета как ценных источников знаний, превращается в эффективный инструмент поддержки концептуального моделирования </Goal> ."
2019-17-4-3,"Впервые  <Contrib> формулируются прямая и обратная задачи электрического каротажа об  <Task> определении компонент тензора электрической анизотропии горных пород по комплексу измерений методами бокового каротажного зондирования и бокового каротажа в нефтегазовых скважинах </Task>  </Contrib> .  <Contrib> Рассматриваются особенности конечно элементной аппроксимации прямой задачи </Contrib> , использующей  <Method> базисные функции большого порядка </Method> .  <Contrib> Исследуется возможность восстановления горизонтальной и вертикальной составляющих удельного электрического сопротивления, а также угла наклона главных осей тензора электрической анизотропии </Contrib> ."
2019-17-4-4," <Contrib> Предложен подход к  <Task> разработке состава и структуры Интернет-ресурса </Task>  на основе  <Tool>  онтологии  </Tool>  предметной области  </Contrib> .   <Contrib> Описана предметная область, связанная с распространением клещей и переносимыми ими заболеваниями </Contrib>  ,   <Contrib> представлена ее семантическая структура  </Contrib> ,   <Contrib> выделены основные разделы информационного наполнения  </Contrib>  и  <Contrib> показаны способы навигации по ресурсу </Contrib> ."
2019-17-4-5,"Статья посвящена  <Contrib> разработке методов  <Task> извлечения речевых действий из текстов естественного языка </Task>  </Contrib> . В настоящее время одной из наиболее важных проблем является проблема  <Task> создания человеко-машинных интерфейсов </Task> . В данной работе рассматривается задача  <Task> построения подобных интерфейсов путем автоматизированного извлечения речевых действий из текстов естественного языка </Task> . Использование речевых действий позволяет задавать контекст диалога и уточнять смысл употребляемых понятий. По результатам исследования была  <Contrib> разработана программная система, которая способна определять типы речевых действий, представленных в текстах естественного языка </Contrib> . Одно из возможных применений результатов данного исследования заключается в использовании разработанной программной системы при  <Use> создании чат-ботов </Use> ."
2019-17-4-6,"Статья посвящена проблеме  <Task> проверки алгоритмов управления, созданных в рамках процесс-ориентированного подхода, на соответствие входным спецификациям </Task> .  <Contrib> Представлена общая схема верификации алгоритма управления </Contrib> , приведены ее реализация в автоматизированном варианте и результаты практической апробации в проекте по  <Use> автоматизации Большого солнечного вакуумного телескопа </Use> ."
2019-17-4-7,"Рассматривается вопрос  <Task> ускорения численного расчёта распространения волны цунами от очага до берега в рамках дифференциальной модели мелкой воды </Task>  с применением  <Method> аппаратного ускорения на базе FPGA </Method> .  <Contrib> Разработана программная архитектура для расчета системы мелкой воды без учёта внешних сил </Contrib> , являющейся эквивалентной используемой в пакете MOST для численного моделирования движения волны цунами по водной акватории. Численная реализация системы мелкой воды осуществлялась по  <Method> схеме Мак-Кормака </Method> . Точность вычислений разработанного решателя была проверена сравнением с точным решением, известным в случае плоского наклонного дна.  <Adv> Достигнутая точность не уступает, а местами и превосходит точность известного программного пакета MOST </Adv> ."
2019-17-4-8,"Статья посвящена  <Task> применению рассуждений на основе прецедентов (case-based reasoning, CBR) в области web-разработки </Task> . Учитывая собственный практический опыт в данной сфере, автор предлагает  <Goal> автоматизировать составление html/css-макета </Goal>  путём  <Method> агрегирования прецедентов кода из предыдущих опытов </Method> , что на методологическом уровне крайне близко к подходу CBR, а именно:  <Contrib> предлагается методика конструирования систем, генерирующих html-код из растрового изображения </Contrib>  и основанных на <Method>  подходе рассуждений на основе прецедентов </Method> . В частности, в статье  <Contrib> изложена оригинальная теория составления структуры изображения </Contrib>  и  <Contrib> описан алгоритм получения такой структуры </Contrib> . Кроме того, рассматривается  <Method> модификация подхода case-based reasoning </Method> , которая позволяет получить требуемый результат решения поставленной задачи. Также описываются результаты прохождения экспериментов разработанной системы в определённых условиях."
2019-17-4-9,"Современные портативные приборы для электромагнитного профилирования и малоглубинного зондирования позволяют изучать распределение удельного электрического сопротивления грунта. К типичным сферам применения подобных комплексов можно отнести: <Use>  исследование археологических объектов – курганы, древние поселения </Use> ;  <Use>  решение экологических задач – изучение отвалов и хвостохранилищ горнодобывающих предприятий, зон распространения вредных веществ </Use>  ;  <Use>  локализация инженерных объектов – труб и коммуникаций </Use>  ,  <Use>  исследование состояния дамб и плотин </Use>  . Перспективной сферой являются объекты агропромышленного комплекса –  <Use>  оценка плодородности почв (распределение минерализации) </Use>  ,  <Use>  контроль эффективности мелиорации </Use>  . Целью проводимых исследований является  <Goal> разработка и создание переносного программно-аппаратурного комплекса электромагнитного профилирования, позволяющего с высокой достоверностью и точностью обнаруживать и дифференцировать по удельному электрическому сопротивлению объекты различного рода </Goal> . На основании  <Method> оригинального принципа компенсации первичного поля генераторной катушки </Method>  была  <Contrib> разработана компактная многочастотная аппаратура для электромагнитного профилирования </Contrib> . В результате прототипирования  <Contrib> создана оптимальная конструкция корпуса, позволяющая реализовать данный принцип компенсации </Contrib> . Для эффективного использования аппаратурного комплекса было  <Contrib> создано программное обеспечение QZond </Contrib> , позволяющее управлять процессом сбора информации и в режиме реального времени визуализировать полученные данные. Проведенные полевые испытания на известных объектах электрометрического полигона ИНГГ СО РАН, при  <Use> поиске локальных и протяженных проводников </Use> , а также  <Use> археолого-геофизические исследования  </Use>  показывают  <Adv> эффективность реализации компактной аппаратуры электромагнитного профилирования </Adv> ."
2019-17-4-10,"Представлена реализация  <Method> подхода «модельно-ориентированного проектирования» </Method>  для решения задачи  <Task> создания автоматизированных систем управления технологическими процессами (АСУ ТП) горнодобывающих предприятий </Task> .   <Method> Подход «модельно-ориентированного проектирования»  </Method>  заключается в организации контура тестирования, в котором испытуемый объект функционирует в среде, идентичной реальному процессу по входным сигналам. Подход основан на  <Method> использовании математических моделей, имитирующих протекание технологического процесса под управлением АСУ ТП </Method> . Математические модели используются для формирования наборов тестовых данных.  <Contrib> Разработан имитационный программно-аппаратный комплекс </Contrib> . Основными частями комплекса являются: рабочая станция оператора SCADA, рабочая станция оператора модели, среда передачи данных, блок формирования физических сигналов, блок дублирования физических сигналов и программируемые логические контроллеры АСУ ТП. В качестве среды имитационного моделирования применена  <Tool> система MTSS </Tool> .  <Contrib> Предложен и реализован вариант развития способа Hardware-in-the-loop </Contrib> , обеспечивающего создание совместимых компонентов систем автоматизации. Приведено описание методики тестирования АСУ ТП. Данная методика успешно применена для  <Contrib> разработки, отладки и тестирования АСКУ ТО М (Автоматизированная система контроля и управления технологическим объектом во взрывозащищенном исполнении) </Contrib> ."
2019-17-4-11,Статья посвящена  <Contrib> разработке теоретической базы компьютерного моделирования данных диэлектрического каротажа </Contrib>  с целью  <Goal> обоснования нового импортозамещающего оборудования для каротажа нефтяных и газовых скважин </Goal> .  Разработаны алгоритмы и   <Contrib> реализованы быстрые программы компьютерного моделирования высокочастотных электромагнитных сигналов в рамках слоисто-однородных моделей сред  </Contrib> . По результатам   <Contrib> масштабного моделирования амплитудно-фазовых характеристик высокочастотного поля  </Contrib>   <Conc> установлена их зависимость от частотного спектра электрофизических параметров </Conc> . Проведенные исследования позволяют выполнить  <Use> научное обоснование и оптимальное проектирование новой электромагнитной зондирующей системы  </Use> .
2019-17-4-12," <Contrib> Представлен алгоритм для  <Task> численного моделирования динамики пучков в суперколлайдерах </Task>  </Contrib> . При взаимодействии высокоэнергетичных пучков возможна их деформация и разрушение, и  <Task> изучение устойчивости пучка  </Task> является актуальной задачей. <Contrib>  Рассматривается движение пучков в самосогласованных электромагнитных полях с учетом угла встречи в полностью трехмерном случае </Contrib> . Задача решается  <Method> методом частиц-в-ячейках </Method> .  <Adv> Распараллеливание по области и по частицам позволяет проводить численные эксперименты с 10^9 модельных частиц </Adv> . Приведены результаты моделирования и сравнение с существующим аналитическим решением."
2019-17-4-13,"Статья посвящена  <Contrib> описанию программной системы ИТОС (индивидуальных траекторий обучения студентов) </Contrib> , предназначенной для  <Use> автоматизации работы с основной образовательной программой (ООП) и соответствующим ей учебным планом </Use> . В системе  <Contrib> реализована возможность отслеживать логику следования учебных курсов </Contrib> , что позволяет на этапе составления ООП  <Use> выявлять необходимость перестановки или слияния дисциплин, а также достижимость всех заданных компетенций </Use> . Имеется возможность  <Use> устанавливать взаимосвязь между ООП и различными профессиональными стандартами </Use> . В системе  <Contrib> реализован алгоритм построения и оценки всевозможных индивидуальных траекторий обучения студента в рамках данной ООП </Contrib> , а также  <Contrib> модуль рекомендательной системы </Contrib> , помогающей пользователям (студентам) в  <Use> выборе индивидуальных траекторий обучения </Use> ."
2019-17-4-14, <Contrib> Рассматривается диффузионная модель для описания долговременной эволюции профиля глубин в прибрежной зоне </Contrib> . Для калибровки модели решалась обратная задача восстановления коэффициентов по дополнительным граничным условиям путем  <Method> минимизации функционала невязки </Method> . Многомерная оптимизация функционала проводилась  <Method> методом дифференциальной эволюции </Method> . Для вычисления профиля глубин применялся  <Method> метод конечных элементов </Method> . Тестирование проводилось на  <Example>  базе данных JARKUS  </Example>  при различных пространственных и временных интервалах.  <Adv> Достигнута относительная погрешность описания эволюции берегового профиля на уровне не более 5 % </Adv> .
2019-17-4-15, <Contrib> Рассмотрены вопросы выбора варианта реализации базы данных при разработке цифровых образовательных систем </Contrib> .  <Contrib> Проведен равнительный анализ реляционного и графового подходов к хранению базовых сущностей </Contrib> .  <Contrib> Продемонстрирован ряд преимуществ графовой модели в контексте удобства разработки и эффективности реализации запросов </Contrib> .
2018-16-3-1,"В теории информации известно, что методы сжатия данных могут быть использованы для прогнозирования стационарных процессов. В данной работе  <Contrib> предложен базирующийся на  <Tool> архиваторах </Tool>  алгоритм прогнозирования временных рядов </Contrib>  и проведено экспериментальное исследование его эффективности. В процессе работы описанного алгоритма могут быть использованы произвольные методы сжатия данных, причем прогнозные значения от разных методов комбинируются, и наибольшее влияние на конечный результат оказывает метод, способный сильнее других сжать временной ряд. Данный алгоритм может быть использован для  <Use> прогнозирования рядов с дискретными и непрерывными алфавитами </Use> . Для повышения точности прогноза возможно применение существующих методов предварительной обработки данных. Экспериментальное исследование эффективности предложенного алгоритма проводилось на временных рядах из M3 Competition и ряде T-индекса, при этом были использованы хорошо известные  <Tool> архиваторы </Tool> . Результаты вычислений показали, что полученный метод обладает сравнительно  <Adv>  высокой точностью  </Adv>  и  <Adv> быстродействием </Adv> ."
2018-16-3-2,"Статья посвящена решению проблемы  <Task> адаптации больших древовидных и линейных меню мобильных и интернет-услуг для различных типов пользователей на основании их интересов, социального статуса, а также иных параметров </Task> .  <Contrib> Разработана программная система, строящая оптимальное меню услуг для классов пользователей, разделенных по социально-экономическим и физическим параметрам </Contrib> , с использованием  <Method> модифицированного алгоритма построения оптимального графа USSD-меню </Method> . В работе используется  <Method> онтологический подход для формального представления понятий данной предметной области, извлечения, представления и обработки знаний </Method> . Для адаптации интерфейсов используются модели пользователей , представляющие описания их потребностей, целей, интересов. Формализация поведения пользователей осуществляется при помощи  онтологической модели мобильных и интернет-услуг. Каждого пользователя можно отнести к определенной модели на основании его физических и социальных параметров. Программа, реализующая адаптацию меню, состоит из двух модулей: модуль получения частот вызова услуг на основе запросов к онтологии и модуль оптимизации графа меню. Алгоритм оптимизации меню работает с  <Tool> языком описания графов DOT </Tool> ."
2018-16-3-3," <Contrib> Рассматриваются три подхода к  <Task> хранению информации о книгообеспеченности учебного процесса  </Task> при различных вариантах интеграции автоматизированной библиотечной информационной системы (АБИС) с информационной системой вуза: внутри АБИС в формате RUSMARC, в виде реляционной базы данных, с использованием  <Method> технологии OLAP </method>   </Contrib> .  <Contrib> Анализируются преимущества и недостатки каждого подхода </Contrib> ,  приводятся примеры организации хранения данных( <Example> поля RUSMARC </Example> ,  <Example> измерения и меры для кубов OLAP </Example> ) ."
2018-16-3-4,"Статья посвящена  <Contrib> разработке методов  <Task> извлечения из текстов естественного языка определений ключевых понятий предметной области </Task>  </Contrib>  на основе  <Method> теоретико-модельного подхода </Method> . Извлеченная из текстов информация путем  <Method> преобразования через фрагменты атомарных диаграмм алгебраических систем </Method>  представляется в виде утверждений в логике описаний (DL). Подобное представление  <Adv> позволяет получать тексты с большей выразительностью </Adv> по сравнению с алгоритмами, где источником информации являются данные, представленные в виде баз данных или в виде выражений на формализованных языках (например, SQL)."
2018-16-3-5," <Contrib> Исследуются возможности бесконтактных систем и интерфейсов, главные принципы работы с такими технологиями </Contrib> . Рассмотрена возможность применения подобных систем для  <Use> упрощения взаимодействия пользователей с ограничениями возможностями здоровья с компьютерным интерфейсом </Use> .  <Contrib> Приведены особенности и преимущества использования естественных интерфейсов и систем, основанных на жестовом управлении </Contrib>  Также детально  <Contrib> рассмотрены этапы формирования базового словаря жестов </Contrib>  для дальнейшего его применения в  <Use> бесконтактном интерфейсе </Use> . В качестве дополнительного аппаратного обеспечения для получения более точных результатов распознавания таких жестов рассмотрено  <Tool> устройство Microsoft Kinect </Tool> ."
2018-16-3-6,"В ходе научных исследований порождается большое количество данных в цифровом формате, и для после- дующего использования этих данных (обработки, анализа, публикации) их необходимо организованно собирать и хранить.  <Task> Построение информационной инфраструктуры для решения этих задач </Task>  – одна из наиболее актуальных проблем в области организации работы с экспериментальными данными. Авторами настоящей статьи  <Contrib> разрабатывается информационная система для автоматизации сбора, хранения и анализа данных </Contrib> , в качестве отправной точки для которой используются три задачи обработки данных из области физиологии. Рассмотрены и проанализированы возникающие в процессе разработки такой системы проблемы, а также существующие подходы и готовые решения этих и схожих задач . На основе результатов проведенного анализа  <Contrib> предложен ряд моделей и механизмов для решения возникших проблем </Contrib> . Разработанные решения включают в себя модели и механизмы сбора и хранения экспериментальных данных, модель для описания и формализации сценариев обработки данных и механизмы для обработки собранных данных в распределенной вычислительной системе. В результате  <Contrib> представлена архитектура вычислительной системы для сбора, хранения и обработки экспериментальных данных </Contrib> . Система предлагается в качестве инструмента для  <Use> решения широкого спектра задач, возникающих при проведении научных исследований и требующих сбора, хранения и многоэтапной обработки различных типов данных </Use> ."
2018-16-3-7," <Contrib> Описан новый метод  <Task> автоматического реферирования текстов </Task>  </Contrib> . На основе предложенного метода  <Contrib> создана система, позволяющая получать краткие аннотации научно-технических текстов и определять их темы </Contrib> . Процесс реферирования состоит из пяти основных шагов: предобработка, риторический анализ и преобразование текста, оценка весов, выбор предложений и сглаживание. Предлагаемый метод формирует аннотацию на основе наиболее значимых предложений исходного документа. Значимость предложений частично определяется в процессе риторического анализа, который выполняется с помощью дискурсивных маркеров и коннекторов. Также учитываются ключевые слова, многословные термины и некоторые специальные слова, которые часто встречаются в научно- технических текстах. Для извлечения ключевых слов и определения тем текста применялась  <Method> аддитивная регуляризация тематических моделей </Method> ."
2018-16-3-8,"Статья посвящена  <Contrib> разработке системы управления фертигацией </Contrib> , которая позволяет осуществлять автоматическую подачу удобрений с учетом показателей pH и EC, полученных от соответствующих датчиков. Для решения этой задачи  <Contrib> разработан модуль минерализации </Contrib> , состоящий из двух подмодулей: подмодуль измерения и регулирования pH и подмодуль измерения и регулирования EC. Данные передаются микроконтроллеру для дальнейших действий по управлению системой. В качестве системы принятия решений в работе использована  <Tool> интеллектуальная система на основе нечеткой логики </Tool> ."
2018-16-3-9," <Task> Исследование регуляции транскрипции генов на основе данных современных технологий высокопроизводительного секвенирования </Task>  является актуальной задачей биоинформатики, требующей развития новых компьютерных средств, в том числе на основе суперкомпьютерных вычислений.  <Contrib> Рассмотрены задачи обработки данных полногеномных профилей ChIP-seq связывания транскрипционных факторов в геномах, определения пиков профилей и поиска сайтов связывания в нуклеотидных последовательностях таких пиков </Contrib> .  <Contrib> Разработаны программы для анализа положения сайтов связывания в геноме относительно районов генов, расчета кластеров таких сайтов и визуализации их положения в геноме </Contrib> .  <Contrib> Рассчитаны кластеры сайтов связывания транскрипционных факторов в геноме человека </Contrib>  по базе данных Cistrome,  <Contrib> построены матрицы совместной встречаемости пар сайтов связывания различных транскрипционных факторов в геноме для различных типов тканей и культур клеток </Contrib> .  <Contrib> Проведен вычислительный эксперимент по компьютерной генерации случайных кластеров в геноме, а также оценке встре- чаемости кластеров большого размера для экспериментально полученных сайтов связывания транскрипционных факторов в геноме человека </Contrib> .  <Contrib> Найдены закономерности встречаемости сайтов факторов плюрипотентности в эмбриональных стволовых клетках </Contrib> . Разработанное программное обеспечение доступно по запросу к авторам"
2018-16-3-10,"Современные методы экспериментальных исследований позволяют реконструировать различного типа биологические сети, включая генные и метаболические сети, сети интерактомики, сети коэкспрессии генов, сети заболеваний и т. д. В данной статье  <Contrib> представлена разработанная нами система построения структурных моделей биологических сетей в виде набора случайных графов, структурные закономерности которых совпадают со структурными закономерностями исходной биологической сети </Contrib> . Такие структурные модели могут быть использованы для  <Use> проверки различных статистических гипотез на сетях </Use> , в  <Use> исследовании влияния структурных закономерностей в биологических сетях на их функцию </Use>  и других задачах. При генерации структурных моделей в случайных графах могут быть зафиксированы следующие характеристики: распределение степеней вершин, попарное распределение степеней вершин, средняя степень соседних вершин, коэффициент кластеризации, спектр кластеризации, частота структурных мотивов различных размеров и др. Разработанная система построена по архитектуре клиент-сервер и состоит из плагина Cytoscape и удаленного вычислительного сервиса. Взаимодействие между клиентом и сервером реализовано посредством  <Tool> фреймворка gRPC </Tool>  с применением  <Tool> протокола сериализации структурированных данных Protocol Buffers </Tool> . Система позволяет асинхронно конструировать структурные модели заданных биологических сетей в виде случайных графов посредством программ  <Tool> Random Network Generator </Tool>  и  <Tool> GTrie Scanner </Tool> . Результат построения может быть загружен для визуализации и анализа средствами пакета Сytoscape. С использованием разработанной системы  <Contrib> проведен вычислительный эксперимент по реконструкции структурных моделей ряда биологических сетей </Contrib> , для которых удалось построить алгоритм предсказания времени расчетов структурных моделей."
2018-16-3-11,"Современные постгеномные методы изучения экспрессии генов с помощью транскриптомного профилирования имеют большое значение для фундаментальных биомедицинских исследований в онкологии, поиска новых маркеров развития опухолей на культурах клеток глиом. Такие эксперименты требуют  <Task> разработки новых компьютерных инструментов анализа объемных данных секвенирования </Task> . Цель представленного исследования –  <Goal> компьютерный поиск генов и их изоформ </Goal> , нарушение экспрессии которых связано с развитием глиобластом, с помощью современных высокопроизводительных технологий секвенирования транскриптом и международных биомедицинских банков данных.  <Task> Поиск генов – кандидатов для терапевтического воздействия в опухолях, в том числе отдельных изоформ генов </Task> , актуален в  <Use> здравоохранении </Use>  и  <Use> современной высокотехнологичной медицине </Use> . В данной работе представлены задачи биоинформатики, связанные с  <Contrib> разработкой компьютерных конвейеров обработки транскриптомных данных </Contrib> ,  <Contrib> определения дифференциально экспрессирующихся генов </Contrib> ,  <Contrib> анализа альтернативного сплайсинга </Contrib> ,  <Contrib> описания категорий генных онтологий для найденных групп генов </Contrib> . Рассмотрены задачи  <Contrib> автоматического поиска и описания функций генов в связи с раковыми заболеваниями </Contrib> ,  <Contrib> визуализации результатов и разработки биомедицинских баз данных </Contrib> .  <Contrib> Представлен прототип базы данных дифференциального альтернативного сплайсинга генов – «Дифференциальный альтернативный сплайсинг генов человека при вторичной глиобластоме (ДАСГГ)» </Contrib> , с возможностью работы через веб-сайт, поиска уровней экспрессии отдельных изоформ в глиальной опухоли"
2018-16-3-12," <Task> Разработка и применение компьютерных средств анализа транскриптомных данных в модельных организмах животных  </Task>  представляет актуальную задачу биоинформатики. Задача  <Task> исследования экспрессии генов современными методами высокопроизводительного секвенирования в отделах мозга лабораторных животных </Task>  является исключительно важной для изучения генетических основ поведения в целом.  <Task> Изучение генетических детерминант агрессивного поведения </Task>  не только сохраняет актуальность для исследования молекулярных механизмов регуляции поведения, но и имеет широкую практическую составляющую при работе с животными, для  <Use> решения задач агробиологии </Use> . Наследственная предрасположенность животных к агрессивному поведению приводит к появлению различий в строении головного мозга, и сравнение таких различий позволит найти как общие, так и специфичные механизмы регуляции поведения, способствующие проявлению агрессии в провоцирующих условиях среды.  <Contrib> Представлены компьютерные программы анализа сплайсинга и прототип базы данных экспрессии генов в отделах мозга лабораторных животных </Contrib>  – серых крыс, селектированных по проявлению агрессивного поведения.  <Contrib> Выполнена функциональная аннотация генов с повышенной и пониженной экспрессией в экспериментах на крыса </Contrib> , <Contrib>  рассмотрены варианты изоформ и альтернативного сплайсинга этих генов </Contrib> ."
2018-16-2-1,"Фонд оценочных средств является составной частью нормативно-методического обеспечения системы оценки качества освоения студентом учебного материала.  <Method> Онтологический подход к моделированию фонда оценочных средств </Method>  позволяет формировать актуальные оценочные документы, которые учитывают не только всевозможные пожелания экзаменатора, но и степень усвоения различных компетенций и степень овладения различными профессиональными функциями. В статье  <Contrib> приведено описание онтологии, семантической и нечеткой моделей фонда оценочных средств </Contrib> .   <Contrib> Описан алгоритм порождения шаблона оценочного документа </Contrib> , состоящий из трех этапов: сужение, ограничение и определение. На каждом этапе генерируется соответствующая нечеткая модель, в рамках которой проверяется непротиворечивость заданного шаблона и выполнимость данного шаблона на имеющейся базе оценочных средств. Для формирования комплекта оценочных документов используется  <Method> алгоритм CLOPE </Method> , позволяющий кластеризовать категорийные данные."
2018-16-2-2," <Contrib> Предложен алгоритм автоматизации  <Task> построения трехмерных геоэлектрических моделей </Task>  для метода зондирования становлением поля в ближней зоне </Contrib>  на основе результатов одномерной инверсии с целью  <Goal> расчета синтетических сигналов для трехмерных моделей </Goal> , а также  <Goal> ускорения получения качественной оценки полевых материалов </Goal>  и  <Goal> сведения к минимуму ошибок интерпретации </Goal> . Важной частью алгоритма является автоматическое формирование трехмерных расчетных сетей, необходимых для расчета синтетических сигналов в моделях. Результаты работы алгоритма представляют собой  <Contrib> подготовленные трехмерные модели изучаемой среды с рассчитанным синтетическим электромагнитным сигналом </Contrib> . Алгоритм апробирован на данных электромагнитного мониторинга последствий землетрясения, произошедшего в 2003 г. в Республике Алтай."
2019-16-2-3,"Рассмотрена проблема  <Task> выявления генетического сходства при анализе баз данных (БД) геномов организмов </Task> . Такая проблема возникает с развитием методов метагеномики, сравнительной геномики, технологий высокопроизводительного секвенирования ДНК, а также инструментов оценки и прогнозирования состояния экосистем.  <Contrib> Для быстрого сравнения геномов с целью выявления повторяющихся наборов нуклеотидов разработана специализированная компьютерная система </Contrib> . Из-за большого объема данных, возникающих при обработке исходной информации, осуществлен переход к  <Tool> нереляционным БД </Tool> , как к более гибким и масштабируемым. В качестве основы подхода использованы  <Tool> распределенная нереляционная БД MongoDB </Tool>  и  <Method> алгоритм обработки данных Winnowing </Method> . При использовании  <Tool> нереляционной БД </Tool>  для выявления генетического сходства  <Contrib> предложен вариант представления отпечатков структурных вариаций геномов в виде «ключ – значение» </Contrib> .  <Contrib> Выполнена программная реализация разработанной модели </Contrib> . Проведены вычислительные эксперименты: 1)  <Contrib> загрузка данных в БД </Contrib>  с использованием одной и трех  <Tool> шард (серверов, где хранятся данные и осуществляются поиск и обработка информации)  </Tool> ; 2)  <Contrib> поиск совпадений выбранных наборов нуклеотидов с БД геномов </Contrib>  с использованием одной и трех   <Tool> шард </Tool> ; 3) <Contrib>  расчет скорости поиска геномов в БД </Contrib> ; 4)  <Contrib> расчет скорости загрузки геномов в БД </Contrib> . Результатом экспериментов стало подтверждение возможности использования предложенного способа поиска генетического сходства. Продолжение работы может быть в направлениях: 1) решения задачи об определении момента, когда необходимо добавлять узел к кластеру при возрастании рассматриваемого количества выбранных наборов нуклеотидов и увеличении числа геномов в БД организмов; 2) практического наполнения создаваемой БД как можно большим количеством реальных геномов организмов; 3) исследования геномных нарушений с целью оценки вероятности генетических отклонений на этапе распознавания потенциально возможного неблагоприятного развития организма."
2018-16-2-4,"Важной проблемой современного программирования является  <Task> поддержка и сопровождение наследственного программного обеспечения (ПО) </Task> . Функциональность приложений, написанных в старых окружениях, ценна и по-прежнему актуальна. Устаревшее ПО не позволяет использовать их на современных машинах и развивать в дальнейшем. В работе  <Contrib> описан опыт миграции на примере двух приложений </Contrib>  –  <Example> Архива академика А. П. Ершова </Example>  и  <Example> системы «Библиотека» </Example> , которые используются в ИСИ СО РАН не один десяток лет. В качестве платформы с открытым кодом для создания новых приложений был выбран  <Tool> CMF Drupal </Tool> , который значительно облегчает разработку и перенос модели данных. Миграция включает в себя реинжиниринг приложения с сохранением бизнес-логики, модели данных, а также перенос самих данных."
2018-16-2-5," <Contrib> Рассмотрены особенности разработки алгоритмов разрешения конфликтов по доступу к памяти и их реализация в динамическом компиляторе Java для отечественной платформы «Эльбрус» </Contrib> . Эти алгоритмы   <Adv> позволяют существенно расширить возможности планировщика инструкций  </Adv>  – ключевой оптимизации VLIW-процессоров. В работе исследуются  <Method> статические и динамические подходы к анализу зависимостей по памяти </Method> , и приводится сравнение эффективности реализованных алгоритмов на основе  <Tool> стандартной тестовой сюиты SpecJVM2008 </Tool> ."
2018-16-2-6,"Представлен подход, использованный при  <Contrib> разработке и реализации модуля, выполняющего бинарные операции над данными </Contrib>  в  <Tool> ИС «Молекулярная спектроскопия» </Tool> .  <Contrib> Приводится формализация бинарных операций над наборами спектроскопических данных с учетом особенностей предметной области </Contrib> . Описываются алгоритм действий и интерфейс пользователя для проведения бинарных операций – единые для имеющихся баз данных по различным веществам и нескольким типам спектроскопических данных."
2018-16-2-7," <Contrib> Рассматривается возможность применения  <Method> методов коллаборативной фильтрации </Method>  в процессе  <Task> создания рекомендательной системы  </Task>  на основе данных о заказах документов из библиотечного фонда </Contrib> . Приводится  <Contrib> сравнительный экспериментальный анализ трех методов коллаборативной фильтрации </Contrib> : на основе документов, на основе пользователей и на основе гибридного метода, являющегося комбинацией первых двух методов."
2018-16-2-8,"  <Contrib> Представлена система  <Task> разрешения неоднозначности авторства </Task>  статей на английском языке </Contrib>  с использованием русскоязычных источников данных. Система позволяет находить и исправлять ошибки в определении авторства научных публикаций, что может  <Use> улучшить результаты поиска статей определенного автора и подсчета индекса цитируемости </Use> . В качестве исходного хранилища публикаций использовалась база link.springer.com, для получения достоверной информации об авторах и их статьях использовалась научная электронная библиотека eLIBRARY.ru. Система предоставляет интерактивную визуализацию результатов и возможность редактирования для повышения качества экспертного анализа. Подходы, используемые в данной системе, применимы для  <Use> разрешения неоднозначности авторства публикаций </Use>  из различных библиографических баз данных."
2018-16-2-9,"  <Contrib> Предложен новый вид обслуживания – «интеллектуальная регистратура» </Contrib> : в мобильном приложении обеспечена возможность выбора сотрудников медицинского учреждения, далее происходит анализ графика работы выбранного врача и свободного времени пользователя при помощи  <Method> алгоритмов программирования в ограничениях  </Method>  с целью определения наилучшего времени записи на прием. База знаний о свободном времени пользователя формируется на основе задач, которые агрегируются с мобильного устройства и популярных сервисов по управлению задачами. Для случая, если пользователь не знает, к кому обратиться,  <Contrib> продукт снабжен «умным» чатом, в котором можно описать проблему </Contrib> . Текст отправится на сервер , где произойдет  синтаксический разбор  и  семантическое сопоставление с конкретной специальностью врача . В базе данных хранится информация обо всех посещениях и врачебных выписках (электронная медицинская карта), что позволяет, например,  <Use> напоминать пользователю о необходимости принятия медикаментов </Use> . Практическая ценность продукта заключается в  <Use> автоматизации бизнес-процесса «прием пациентов» </Use> , что приводит к  <Adv> экономии времени пациентов, обеспечению высокой доступности услу и оптимизации трудовых затрат в медучреждениях </Adv> ."
2018-16-2-10,"Современная физиология не может обойтись без методов количественного анализа данных. Необходимым условием для использования математической статистики, анализа сигналов и машинного обучения является наличие должным образом собранных, размеченных и подготовленных данных. С возможностью совместной обработки данных, собранных в разных условиях и в рамках разных протоколов экспериментов, появилась потребность в наличии структурированной метаинформации. В настоящее время существует множество программных систем, позволяющих создавать, редактировать и запускать сценарии представления стимулов. Их проблемой является сложность использования реализованного сценария как в рамках других систем, так и для аннотирования данных, полученных экспериментально. Целью работы является  <Goal> разработка сервиса, позволяющего задавать сценарии представления стимулов с помощью графического интерфейса с возможностью сохранять метаинформацию эксперимента в независимом от платформы формате и исполнять в закрытых системах </Goal> . В предлагаемом решении используется  <Method> модельно-ориентированный подход </Method> . В основе платформенно-независимой модели лежит  <Tool> открытый формат эксперимента PsychoPy </Tool> . Для исполнения полученного сценария используется  <Tool> платформа Neurobs Presentation </Tool> . С помощью преобразования общей модели сценария эксперимента в модель платформы и описания синтаксической структуры предметно-ориентированного языка Presentation автоматически формируется программный код. Реализация данного подхода может быть  <Use> расширена для других систем представления стимулов </Use> ."
2018-16-2-11," <Contrib> Рассматривается системный подход к  <Task> повышению производительности небольших информационных систем </Task>  </Contrib>  за счет оптимальной реструктуризации табличных структур данных. Авторами сформулирована задача  <Task> оптимизации количества информационных блоков, необходимых для выполнения группы запросов на считывание информации  </Task> ,  <Contrib> предложена целевая функция и структурные ограничения </Contrib> .  <Contrib> Проанализирована невозможность использования грубых методов поиска оптимального решения </Contrib> .  <Contrib> Предложена методика многомодального распределения атрибутов в зависимости от частоты появления в группе запросов </Contrib> . Проведен эксперимент, подтверждающий  <Adv> эффективность разработанной методики для небольших информационных систем </Adv> ."
2018-16-2-12," <Contrib> Представлен новый подход для  <Task> получения расширенных тематических моделей текстов </Task>  научных статей на русском языке  </Contrib> . Под расширенной моделью понимается тематическая модель, содержащая кроме однословных терминов термины, состоящие из нескольких слов (также называемые многословные термины или ключевые фра зы). Такие модели лучше интерпретируются пользователями и точнее описывают предметную область документа, чем модели, состоящие только из униграмм (отдельных слов). На основе предложенного подхода была  <Contrib>  разработана  система, в результате работы которой для каждого документа предоставляется набор содержащихся в нем тем с указанными вероятностями, ключевыми словами и фразами для каждой темы  </Contrib> . Предложенный в статье подход может быть полезен при  <Use> построении рекомендательных систем и систем авто- реферирования </Use> ."
2018-16-1-1,Представленная работа посвящена  <Contrib> обоснованию нового электромагнитного зонда для каротажа нефтегазовых скважин на основе компьютерного моделирования </Contrib> . <Contrib>  Получено решение  <Task>  прямой задачи электромагнитного каротажа  </Task>  для тороидального источника в цилиндрически-слоистой геоэлектрической модели  </Contrib> .   <Contrib> Разработаны комплексы алгоритмов и компьютерных программ для анализа сигналов электромагнитного зонда с тороидальными катушками в пространственно неоднородных анизотропных средах  </Contrib> . Путем  <Method> масштабного компьютерного моделирования </Method>   <Contrib> выполнено обоснование оптимальной конфигурации зондовой системы </Contrib>  и  <Contrib> исследованы ее возможности изучения макроанизотропных свойств геологических сред </Contrib> .
2018-16-1-2,"Высокий уровень изменчивости программного и технического обеспечения информационных систем требует  получения оценок их производительности за ограниченные сроки на любых стадиях их жизненного цикла. В статье  <Contrib> рассматривается унифицированный процесс обработки данных в клиент-серверном приложении, которое взаимодействует с базой данных, состоящей из стандартных компонентов </Contrib> . Формальная модель процесса представлена одноканальной системой массового обслуживания с входящим потоком требований, интегрирующим элементарные потоки, каждый из которых ассоциируется с определенным транзакционным классом.  <Contrib>  Излагаются актуальные вопросы реализации модели и приводятся результаты имитационных экспериментов, отражающие продолжительность отклика системы на задаваемую рабочую нагрузку </Contrib> ."
2018-16-1-3,"  <Contrib> Для линейных систем управления, состоящих из объекта управления со структурно-параметрической неопределенностью в описании и модального регулятора, обоснована мера робастных свойств устойчивости и качества управления </Contrib> .  <Contrib> Разработан алгоритм вариации настроек модального регулятора </Contrib> ,  <Adv> последовательно повышающий меру робастности замкнутой системы </Adv> . Предложенный алгоритм может быть реализован на ЭВМ."
2018-16-1-4,"Веб-технологии и социальные сети качественно изменили систему научных коммуникаций. Насколько успешно российские ученые ими пользуются? Это исследование состоит из двух частей. В первой были  <Contrib> изучены персональные сайты (при их наличии) действительных членов и членов-корреспондентов Российской академии наук. Во второй – степень проникновения социальной сети ResearchGate в российские научные организации </Contrib> . Оказалось, что  <Conc> около половины выдающихся ученых имеют свой персональный сайт на русском языке, но из них более 90 % не имеют сайта на английском </Conc> . Также  <Conc> более 90 % ученых не размещают на своих сайтах ссылки на полные тексты статей и не зарегистрированы в ResearchGate </Conc> ."
2018-16-1-5,"  <Contrib> Представлена математическая модель упругопластических сред с учетом фазовых переходов между твердым телом, жидкостью и газом </Contrib> . Также учтен процесс откола вещества от газовой фазы.  <Contrib> Сформулирован один из подходов к записи уравнения состояния упругопластических сред </Contrib> ,  <Contrib> выписаны основные инварианты, используемые для построения уравнения состояния </Contrib> .  <Contrib> Представлены результаты математического моделирования геологических деформаций, приводящих к образованию трещин </Contrib> ."
2018-16-1-6," <Contrib> Исследуется хаотичность передаваемых сигналов защищенных систем связи на основе динамического хаоса </Contrib>  с помощью распространенных  <Method>  методов нелинейной динамики  </Method>  ( <Method> максимальный показатель Ляпунова </Method> ,  <Method> показатель Хёрста </Method>  и  <Method> рекуррентные графики </Method> ). В качестве защищенной системы связи на основе динамического хаоса  <Contrib> рассмотрено устройство имитозащиты контролируемых объектов с повышенной структурной скрытностью сигналов-переносчиков </Contrib> . С помощью  <Method> методов нелинейной динамики </Method> ,  <Contrib> проведено исследование временных реализаций передаваемых в канале связи сигналов </Contrib> , полученных в  <Tool> среде ScicosLab </Tool>  с помощью рассматриваемого устройства. Анализ полученных данных показывает, что  <Conc> исследуемые сигналы в целом обладают свойствами хаотичности и потенциально могут обеспечить защищенность передаваемой в беспроводных каналах связи информации от несанкционированного доступа </Conc> . Описанный в данной работе подход к  <Task>  исследованию хаотичности передаваемых сигналов  </Task> , основанный на комплексном применении известного математического аппарата  <Method>  методов нелинейной динамики  </Method> , потенциально можно применять для  <Use> исследования хаотичности передаваемых сигналов широкого класса систем защищенной связи на основе динамического хаоса </Use> ."
2018-16-1-7,  <Contrib> Определена модель для визуализации связей между объектами и их атрибутами в различных процессах </Contrib> . На основании модели  <Contrib>  разработан универсальный абстрактный компонент графического пользовательского интерфейса </Contrib>  и приведены примеры его программной реализации. Также проведена апробация компонента для решения прикладной задачи по  <Use> извлечению информации из документов </Use> .
2018-16-1-8," <Contrib> Открытые программные решения веб- / видеоконференцсвязи анализируются как с технологической, так и с функциональной сторон </Contrib>  в масштабе хорошо развитого ИТ-сегмента ВКС.  <Example> На примере международного проекта Apache OpenMeetings </Example>  новосибирская команда разработчиков детально  <Contrib> рассматривает программные, пользовательские, сервисные и коммерческие аспекты таких проектов в динамике их развития </Contrib> .  <Contrib> Показаны возможности и достоинства, обозначены дальнейшие перспективы роста </Contrib> ."
2018-16-1-9," <Contrib> Рассматривается использование мобильных устройств для тестирования по сравнению с веб-системами оценки знаний </Contrib> . Многие образовательные организации пытаются снизить стоимость экзаменов, нагрузку и задержку подсчета баллов, а также человеческие ошибки. Кроме того, они пытаются повысить точность и эффективность тестирования. В последнее время большинство экзаменационных комиссий используют  <Method> компьютерное адаптивное тестирование (CAT)  </Method> в качестве метода широкомасштабного тестирования. Мы  <Contrib> рассматриваем создание тестовых задач для адаптивного тестирования </Contrib> .  <Contrib> Предложен алгоритм функционирования адаптивной системы </Contrib> . Пример тестовых задач для проведения адаптивного тестирования приведен на основе предлагаемой модели. Результаты показывают, что  <Conc>  большинство систем MAT (мобильные адаптивные тесты) придают приоритет безопасности, надежности и ремонтопригодности  </Conc> . Тем не менее, они  <Conc>  не предлагают испытуемому никакой дополнительной поддержки и функциональности  </Conc> . Кроме того,  <Conc>  обратная связь с испытуемым ограничена, и представление предметов оставляет желать лучшего </Conc> .  <Contrib> Рекомендации сделаны для повышения общего качества системы CAT </Contrib> . Например, альтернативные мультимедийные элементы должны быть доступны, чтобы испытуемый выбирал предпочтительный тип носителя. Обратная связь может быть улучшена путем предоставления дополнительной информации испытуемому или предоставления информации в любое время, когда испытуемый пожелает."